firm,year,invest,mvalue
1,1935,317.6,2792.7
1,1936,391.8,2759.9
1,1937,410.6,2132
1,1938,257.7,1834.1
1,1939,330.8,1588
1,1940,461.2,1749.4
1,1941,512,1687.2
1,1942,448,2007.7
1,1943,499.6,2177.3
1,1944,547.5,2011.6
1,1945,561.2,2533.2
1,1946,688.1,2459.4
1,1947,568.9,2157.7
1,1948,529.2,2082
1,1949,555.1,1808.1
1,1950,642.9,1786
1,1951,755.9,1975.7
1,1952,891.2,2021.7
1,1953,1304.4,2390.4
1,1954,1486.7,2613.6
2,1935,40.29,182.8
2,1936,72.76,213.3
2,1937,66.26,206.6
2,1938,65.67,209
2,1939,76.04,225.5
2,1940,87.99,226.7
2,1941,100,226.7
2,1942,95.1,222.3
2,1943,104.4,227.9
2,1944,118.2,237.9
2,1945,114,226.7
2,1946,135.7,232.6
2,1947,130.7,262.1
2,1948,169.6,302.1
2,1949,162.7,324.3
2,1950,162,335.9
2,1951,190.2,351.9
2,1952,181.9,344.9
2,1953,232.8,365.5
2,1954,256.7,382.1
3,1935,209.9,1362.4
3,1936,355.3,1807.1
3,1937,318.9,1952.1
3,1938,267.4,2080
3,1939,339.5,1968.1
3,1940,400.3,1795.5
3,1941,419.5,1666.6
3,1942,417.3,1634.8
3,1943,347.2,1640
3,1944,364.2,1671.7
3,1945,361.1,1547.5
3,1946,312.2,1560
3,1947,273.1,1401.4
3,1948,264,1364
3,1949,187,1216.8
3,1950,145.8,1099.8
3,1951,208.4,1131.3
3,1952,162.8,1169.7
3,1953,184.8,1289.5
3,1954,152.1,1467.1
4,1935,33.1,95.3
4,1936,45,107.5
4,1937,77.2,136.3
4,1938,44.6,113.4
4,1939,48.1,141.1
4,1940,74.4,168.6
4,1941,113,214.8
4,1942,91.9,218
4,1943,61.3,186
4,1944,56.8,230.3
4,1945,93.6,228.7
4,1946,159.9,293.2
4,1947,147.2,289
4,1948,146.3,271.7
4,1949,98.3,246
4,1950,93.5,239.6
4,1951,135.2,281
4,1952,157.3,265.3
4,1953,179.5,270.8
4,1954,189.6,290.5
5,1935,40.29,182.8
5,1936,72.76,213.3
5,1937,66.26,206.6
5,1938,65.67,209
5,1939,76.04,225.5
5,1940,87.99,226.7
5,1941,100,226.7
5,1942,95.1,222.3
5,1943,104.4,227.9
5,1944,118.2,237.9
5,1945,114,226.7
5,1946,135.7,232.6
5,1947,130.7,262.1
5,1948,169.6,302.1
5,1949,162.7,324.3
5,1950,162,335.9
5,1951,190.2,351.9
5,1952,181.9,344.9
5,1953,232.8,365.5
5,1954,256.7,382.1
